Workbook

Sheet Executive Summary
A1: AUCMA – Warehouse & Import Distribution Scheme KDKMP | B1: AUCMA – Warehouse & Import Distribution Scheme KDKMP | C1: AUCMA – Warehouse & Import Distribution Scheme KDKMP | D1: AUCMA – Warehouse & Import Distribution Scheme KDKMP | E1: AUCMA – Warehouse & Import Distribution Scheme KDKMP | F1: AUCMA – Warehouse & Import Distribution Scheme KDKMP | G1: AUCMA – Warehouse & Import Distribution Scheme KDKMP | H1: AUCMA – Warehouse & Import Distribution Scheme KDKMP
A3: KPI Utama | B3: Nilai | D3: Rekomendasi | E3: Kapasitas | F3: Estimasi Cost/Month
A4: Total Kopdes | B4: ='Perhitungan Gudang'!B7 -> 20000 | D4: Cikarang | E4: 7000 | F4: =E4*80000 -> 560000000
A5: Total Unit | B5: ='Perhitungan Gudang'!E7 -> 80000 | D5: Surabaya | E5: 3500 | F5: =E5*80000 -> 280000000
A6: Peak Arrival | B6: =MAX('Perhitungan Gudang'!D11:D13) -> 40000 | D6: TOTAL | E6: =SUM(E4:E5) -> 10500 | F6: =E6*80000 -> 840000000
A8: Rekomendasi Utama | B8: Rekomendasi Utama | C8: Rekomendasi Utama | D8: Rekomendasi Utama | E8: Rekomendasi Utama | F8: Rekomendasi Utama | G8: Rekomendasi Utama | H8: Rekomendasi Utama
A9: 1. Siapkan total gudang tetap 10.500 m²: Cikarang 7.000 m² dan Surabaya 3.500 m².
A10: 2. Perhitungan menggunakan dimensi aktual SD-616AIC dan SC-469 dengan target dwelling time maksimum 7 hari.
A11: 3. Siapkan opsi overflow 2.500–4.000 m², dibayar hanya saat digunakan.
A12: 4. Cikarang menangani Jawa dan Sumatera; Surabaya menangani Jawa Timur, Bali, NTB dan NTT.
A13: 5. Asumsi saat ini kedua produk dapat disusun maksimal 2 tingkat; konfirmasi dengan SOP stacking produk.
A15: Kebutuhan Gudang Berdasarkan Bulan | B15: Kebutuhan Gudang Berdasarkan Bulan | C15: Kebutuhan Gudang Berdasarkan Bulan | D15: Kebutuhan Gudang Berdasarkan Bulan | E15: Kebutuhan Gudang Berdasarkan Bulan | F15: Kebutuhan Gudang Berdasarkan Bulan | G15: Kebutuhan Gudang Berdasarkan Bulan | H15: Kebutuhan Gudang Berdasarkan Bulan
A16: Bulan | B16: Total Arrival | C16: Area dengan Flow-through | D16: Rekomendasi Pembulatan | F16: Gudang | G16: Coverage | H16: Luas
A17: Oktober | B17: ='Perhitungan Gudang'!D11 -> 20000 | C17: ='Perhitungan Gudang'!K11 -> 5205.8142 | D17: ='Perhitungan Gudang'!L11 -> 5500 | F17: Cikarang | G17: Jawa & Sumatera | H17: 7000
A18: November | B18: ='Perhitungan Gudang'!D12 -> 40000 | C18: ='Perhitungan Gudang'!K12 -> 10411.628 | D18: ='Perhitungan Gudang'!L12 -> 10500 | F18: Surabaya | G18: Jatim, Bali, NTB & NTT | H18: 3500
A19: Desember | B19: ='Perhitungan Gudang'!D13 -> 20000 | C19: ='Perhitungan Gudang'!K13 -> 5205.8142 | D19: ='Perhitungan Gudang'!L13 -> 5500 | F19: Overflow | G19: Sesuai kebutuhan | H19: 2500

Sheet Asumsi
A1: AUCMA – Asumsi Perhitungan Gudang Project KDKMP | B1: AUCMA – Asumsi Perhitungan Gudang Project KDKMP | C1: AUCMA – Asumsi Perhitungan Gudang Project KDKMP | D1: AUCMA – Asumsi Perhitungan Gudang Project KDKMP | E1: AUCMA – Asumsi Perhitungan Gudang Project KDKMP | F1: AUCMA – Asumsi Perhitungan Gudang Project KDKMP
A3: Parameter | B3: Freezer (SD-616AIC) | C3: Showcase Chiller (SC-469) | D3: Satuan | E3: Status | F3: Catatan
A4: Jumlah unit per Kopdes | B4: 2 | C4: 2 | D4: unit | E4: Input | F4: Sesuai alokasi project
A5: Panjang karton | B5: 1.78 | C5: 0.721 | D5: meter | E5: Input | F5: Width aktual; dikonversi dari mm ke meter
A6: Lebar karton | B6: 0.776 | C6: 0.775 | D6: meter | E6: Input | F6: Length aktual; dikonversi dari mm ke meter
A7: Maksimum susun | B7: 2 | C7: 2 | D7: tingkat | E7: Input | F7: Harus dikonfirmasi dengan SOP produk
A8: Footprint per unit | B8: =B5*B6/B7 -> 0.69064 | C8: =C5*C6/C7 -> 0.2793875 | D8: m² | E8: Formula | F8: Panjang × lebar ÷ jumlah susun
A9: Net area per paket Kopdes | B9: =B4*B8 -> 1.38128 | C9: =C4*C8 -> 0.558775 | D9: m² | E9: Formula | F9: Unit per Kopdes × footprint
A10: Utilisasi area penyimpanan | B10: 0.6 | D10: % | E10: Input | F10: Sisa area untuk aisle dan handling
A11: Tambahan staging/karantina | B11: 0.15 | D11: % | E11: Input | F11: Inbound, outbound, inspeksi dan damage area
A13: Parameter Operasional & Buffer | B13: Parameter Operasional & Buffer | C13: Parameter Operasional & Buffer | D13: Parameter Operasional & Buffer | E13: Parameter Operasional & Buffer | F13: Parameter Operasional & Buffer
A14: Parameter | B14: Nilai | C14: Satuan | D14: Catatan
A15: Target dwelling time | B15: 7 | C15: hari | D15: Barang keluar maksimal 7 hari setelah inbound
A16: Buffer ketidakpastian | B16: 0.2 | C16: % | D16: Keterlambatan kapal, customs dan penerima
A17: Luas kontrak tetap disarankan | B17: 10500 | C17: m² | D17: Dibulatkan dari kebutuhan puncak
A18: Opsi overflow minimum | B18: 2500 | C18: m² | D18: Aktif hanya bila utilisasi tinggi
A19: Opsi overflow maksimum | B19: 4000 | C19: m² | D19: Untuk skenario keterlambatan outbound
A21: Data Produk Aktual | B21: Data Produk Aktual | C21: Data Produk Aktual | D21: Data Produk Aktual | E21: Data Produk Aktual | F21: Data Produk Aktual | G21: Data Produk Aktual
A22: Model | B22: Kategori | C22: Width (mm) | D22: Length (mm) | E22: Height (mm) | F22: Weight (kg) | G22: CBM
A23: SC-469 | B23: Showcase Chiller | C23: 721 | D23: 775 | E23: 2000 | F23: 82 | G23: 1.118
A24: SD-616AIC | B24: Freezer | C24: 1780 | D24: 776 | E24: 890 | F24: 90 | G24: 1.229

Sheet Perhitungan Gudang
A1: Perhitungan Kebutuhan Gudang – Formula Driven | B1: Perhitungan Kebutuhan Gudang – Formula Driven | C1: Perhitungan Kebutuhan Gudang – Formula Driven | D1: Perhitungan Kebutuhan Gudang – Formula Driven | E1: Perhitungan Kebutuhan Gudang – Formula Driven | F1: Perhitungan Kebutuhan Gudang – Formula Driven | G1: Perhitungan Kebutuhan Gudang – Formula Driven | H1: Perhitungan Kebutuhan Gudang – Formula Driven | I1: Perhitungan Kebutuhan Gudang – Formula Driven | J1: Perhitungan Kebutuhan Gudang – Formula Driven | K1: Perhitungan Kebutuhan Gudang – Formula Driven | L1: Perhitungan Kebutuhan Gudang – Formula Driven
A3: A. Alokasi Project | B3: A. Alokasi Project | C3: A. Alokasi Project | D3: A. Alokasi Project | E3: A. Alokasi Project | F3: A. Alokasi Project
A4: Wilayah | B4: Kopdes | C4: Freezer | D4: Showcase Chiller | E4: Total Unit | F4: % Kopdes
A5: Jawa | B5: 3000 | C5: =B5*Asumsi!B4 -> 6000 | D5: =B5*Asumsi!C4 -> 6000 | E5: =C5+D5 -> 12000 | F5: =B5/$B$7 -> 0.15
A6: Bali, Nusa Tenggara & Sumatera | B6: 17000 | C6: =B6*Asumsi!B4 -> 34000 | D6: =B6*Asumsi!C4 -> 34000 | E6: =C6+D6 -> 68000 | F6: =B6/$B$7 -> 0.85
A7: TOTAL | B7: =SUM(B5:B6) -> 20000 | C7: =SUM(C5:C6) -> 40000 | D7: =SUM(D5:D6) -> 40000 | E7: =SUM(E5:E6) -> 80000 | F7: =SUM(F5:F6) -> 1
A9: B. Kedatangan Import & Kebutuhan Area | B9: B. Kedatangan Import & Kebutuhan Area | C9: B. Kedatangan Import & Kebutuhan Area | D9: B. Kedatangan Import & Kebutuhan Area | E9: B. Kedatangan Import & Kebutuhan Area | F9: B. Kedatangan Import & Kebutuhan Area | G9: B. Kedatangan Import & Kebutuhan Area | H9: B. Kedatangan Import & Kebutuhan Area | I9: B. Kedatangan Import & Kebutuhan Area | J9: B. Kedatangan Import & Kebutuhan Area | K9: B. Kedatangan Import & Kebutuhan Area | L9: B. Kedatangan Import & Kebutuhan Area
A10: Bulan | B10: Freezer | C10: Chiller | D10: Total Unit | E10: Paket Kopdes | F10: Hari/Bulan | G10: Paket/Hari | H10: Stok 7 Hari | I10: Net Area m² | J10: Gross Area m² | K10: + Buffer | L10: Rekomendasi m²
A11: Oktober | B11: 10000 | C11: 10000 | D11: =B11+C11 -> 20000 | E11: =MIN(B11/Asumsi!B4,C11/Asumsi!C4) -> 5000 | F11: =30 -> 30 | G11: =E11/F11 -> 166.66667 | H11: =G11*Asumsi!B15 -> 1166.6667 | I11: =H11*SUM(Asumsi!B9:C9) -> 2263.3975 | J11: =I11/Asumsi!B10*(1+Asumsi!B11) -> 4338.1785 | K11: =J11*(1+Asumsi!B16) -> 5205.8142 | L11: =ROUNDUP(K11/500,0)*500 -> 5500
A12: November | B12: 20000 | C12: 20000 | D12: =B12+C12 -> 40000 | E12: =MIN(B12/Asumsi!B4,C12/Asumsi!C4) -> 10000 | F12: =30 -> 30 | G12: =E12/F12 -> 333.33333 | H12: =G12*Asumsi!B15 -> 2333.3333 | I12: =H12*SUM(Asumsi!B9:C9) -> 4526.795 | J12: =I12/Asumsi!B10*(1+Asumsi!B11) -> 8676.3571 | K12: =J12*(1+Asumsi!B16) -> 10411.628 | L12: =ROUNDUP(K12/500,0)*500 -> 10500
A13: Desember | B13: 10000 | C13: 10000 | D13: =B13+C13 -> 20000 | E13: =MIN(B13/Asumsi!B4,C13/Asumsi!C4) -> 5000 | F13: =30 -> 30 | G13: =E13/F13 -> 166.66667 | H13: =G13*Asumsi!B15 -> 1166.6667 | I13: =H13*SUM(Asumsi!B9:C9) -> 2263.3975 | J13: =I13/Asumsi!B10*(1+Asumsi!B11) -> 4338.1785 | K13: =J13*(1+Asumsi!B16) -> 5205.8142 | L13: =ROUNDUP(K13/500,0)*500 -> 5500
A15: C. Skenario Jika Seluruh Batch Bulanan Disimpan | B15: C. Skenario Jika Seluruh Batch Bulanan Disimpan | C15: C. Skenario Jika Seluruh Batch Bulanan Disimpan | D15: C. Skenario Jika Seluruh Batch Bulanan Disimpan | E15: C. Skenario Jika Seluruh Batch Bulanan Disimpan | F15: C. Skenario Jika Seluruh Batch Bulanan Disimpan
A16: Bulan | B16: Paket Kopdes | C16: Net Area m² | D16: Gross Area m² | E16: + Staging | F16: Dampak
A17: Oktober | B17: 5000 | C17: =B17*SUM(Asumsi!B9:C9) -> 9700.275 | D17: =C17/Asumsi!B10 -> 16167.125 | E17: =D17*(1+Asumsi!B11) -> 18592.194 | F17: Tidak efisien – perlu flow-through
A18: November | B18: 10000 | C18: =B18*SUM(Asumsi!B9:C9) -> 19400.55 | D18: =C18/Asumsi!B10 -> 32334.25 | E18: =D18*(1+Asumsi!B11) -> 37184.387 | F18: Risiko kebutuhan area sangat besar
A19: Desember | B19: 5000 | C19: =B19*SUM(Asumsi!B9:C9) -> 9700.275 | D19: =C19/Asumsi!B10 -> 16167.125 | E19: =D19*(1+Asumsi!B11) -> 18592.194 | F19: Tidak efisien – perlu flow-through
H21: QC | I21: Total Kopdes | J21: Freezer | K21: Chiller | L21: Status
H22: Reconciliation | I22: =SUM(E11:E13)-B7 -> 0 | J22: =SUM(B11:B13)-C7 -> 0 | K22: =SUM(C11:C13)-D7 -> 0 | L22: =IF(AND(I22=0,J22=0,K22=0),"OK","CHECK") -> OK

Sheet Skema Operasional
A1: Skema Operasional End-to-End | B1: Skema Operasional End-to-End | C1: Skema Operasional End-to-End | D1: Skema Operasional End-to-End | E1: Skema Operasional End-to-End | F1: Skema Operasional End-to-End | G1: Skema Operasional End-to-End | H1: Skema Operasional End-to-End
A3: Tahap | B3: Lokasi | C3: Aktivitas Utama | D3: Dokumen/Kontrol | E3: Target Lead Time | F3: PIC | G3: Risiko Utama | H3: Mitigasi
A4: 1 | B4: Factory China | C4: Produksi dan pemisahan batch berdasarkan port/region | D4: Production plan, SKU & serial list | E4: Sesuai production schedule | F4: Factory / SCM | G4: Mix destination | H4: Label region sebelum stuffing
A5: 2 | B5: Factory China | C5: Pre-shipment inspection dan final QC | D5: Inspection report, packing list | E5: Sebelum stuffing | F5: QA / Surveyor | G5: Damage/function issue | H5: 100% visual dan sampling fungsi
A6: 3 | B6: China Port | C6: Stuffing dan shipment booking | D6: BL, invoice, packing list | E6: Sesuai ETD | F6: Forwarder | G6: Roll-over vessel | H6: Booking 3–4 minggu sebelumnya
A7: 4 | B7: Tanjung Priok / Perak | C7: Arrival dan customs clearance | D7: PIB, LS/SNI bila berlaku | E7: 2–3 hari | F7: Import / PPJK | G7: Customs delay | H7: Pre-clearance sebelum ETA
A8: 5 | B8: Cikarang / Surabaya | C8: Inbound, scan serial, GRN dan QC fisik | D8: GRN, discrepancy report | E8: Hari yang sama | F8: Warehouse | G8: Selisih/damage | H8: Dedicated inbound lane
A9: 6 | B9: Gudang | C9: Sortir per rute dan paket Kopdes | D9: Allocation list | E9: H+1 | F9: Warehouse / Transport | G9: Salah alokasi | H9: Barcode scan per destination
A10: 7 | B10: Gudang | C10: Loading 2 freezer + 2 chiller per Kopdes | D10: Delivery order | E10: Maks. 7 hari dari inbound | F10: Transport | G10: Produk tidak lengkap | H10: Loading checklist per Kopdes
A11: 8 | B11: Kopdes | C11: Delivery, unloading dan serah terima | D11: BAST, POD, foto, GPS | E11: Sesuai route plan | F11: Driver / Receiver | G11: Penerima belum siap | H11: Konfirmasi H-1
A12: 9 | B12: Control Tower | C12: POD monitoring dan exception closure | D12: POD tracker, claim report | E12: POD ≤ 2 hari | F12: Logistics Control | G12: POD terlambat | H12: Daily aging monitoring
A14: Pembagian Port dan Warehouse | B14: Pembagian Port dan Warehouse | C14: Pembagian Port dan Warehouse | D14: Pembagian Port dan Warehouse | E14: Pembagian Port dan Warehouse | F14: Pembagian Port dan Warehouse | G14: Pembagian Port dan Warehouse | H14: Pembagian Port dan Warehouse
A15: Gateway | B15: Warehouse | C15: Coverage | D15: Kapasitas Awal
A16: Tanjung Priok | B16: Cikarang | C16: Jawa bagian barat/tengah dan Sumatera | D16: 7000
A17: Tanjung Perak | B17: Surabaya | C17: Jawa Timur, Bali, NTB dan NTT | D17: 3500
A18: Flexible | B18: Overflow | C18: Dialokasikan berdasarkan backlog aktual | D18: 2500
